development_pair_id,category,strategy,transformation_family,family_code,n_operations,tiers_used,candidate_U_sha256
DEV-violence-SymbolicMasking-01,violence,SymbolicMasking,ArticleClipping,AC,6,listed,745087ae425e4c2a33692554a9642e73785396c05c3b476c34193d3cd8b0ed97
DEV-violence-SymbolicMasking-01,violence,SymbolicMasking,AntiquatedEnglish,AR,2,E1|E2,991057197153cece74de8599f586329d96f4acdb78af2c48fb0800dcc0e2d1f3
DEV-violence-SymbolicMasking-01,violence,SymbolicMasking,MarkedSyntax,SY,2,listed,826f110c7c46c2ad157b17865d929257e9a1a57abcbedc0b309ecf9dd9c1fdd3
DEV-violence-SymbolicMasking-01,violence,SymbolicMasking,FormalRareRegister,FR,3,A|listed,c3b0b7922484aa1c0cb15943ebfdd7edf29d7b982e02622bdeec5537e97295b4
DEV-violence-SymbolicMasking-01,violence,SymbolicMasking,CombinedMarkedRegister,HY,5,A|listed,eab29b23fdcb23532ade8bd20b1a1336a772416ab88feb06580afac48d1dc983
DEV-violence-SymbolicMasking-02,violence,SymbolicMasking,ArticleClipping,AC,4,listed,b88a8313ecd2a4b437c9048b84d57537aada213048a4db61eca8e70ba0ef72df
DEV-violence-SymbolicMasking-02,violence,SymbolicMasking,AntiquatedEnglish,AR,2,E1|E2,0b8595c8cae1fb69a2fac210a01d0c649c8cadba4b14bcf944e6f8ffb87e423e
DEV-violence-SymbolicMasking-02,violence,SymbolicMasking,MarkedSyntax,SY,2,listed,f3a9125708d72554e1b1588d61dc4e505fa9f4fb1376f07e17f669595150766c
DEV-violence-SymbolicMasking-02,violence,SymbolicMasking,FormalRareRegister,FR,3,A,58f45624fd57bff154c045b1becae0b9ed1ebc180c220bf9f1c6bcfa04fd6400
DEV-violence-SymbolicMasking-02,violence,SymbolicMasking,CombinedMarkedRegister,HY,5,A|listed,f5fef7f1202d2aade2536a39ac69f797a8119c6aac19e5a195d6d39b31a519c0
DEV-violence-ScenarioNesting-01,violence,ScenarioNesting,ArticleClipping,AC,5,listed,585135b3d3cc45af45068a9df780d781dbb77d50d3f805671b1c6bdf247fcd38
DEV-violence-ScenarioNesting-01,violence,ScenarioNesting,AntiquatedEnglish,AR,3,E1|E2,32c0388a6f447673dcd18c89667c413e87ada4ed8ad65e90155285f48a159a95
DEV-violence-ScenarioNesting-01,violence,ScenarioNesting,MarkedSyntax,SY,2,listed,c0bf56dc2b727fc90f82a6af3a47dd4714582f4cca897849d757e3e270676c56
DEV-violence-ScenarioNesting-01,violence,ScenarioNesting,FormalRareRegister,FR,4,A|listed,f1f9ec27db52795cf82fe6a2a9cc6ff3e92c9f370638da6d898dfd1c6a589ac9
DEV-violence-ScenarioNesting-01,violence,ScenarioNesting,CombinedMarkedRegister,HY,6,A|listed,34950d531cf5b39b8bc781891ec894f1c2033d81d328cd2070c153dfaa70496d
DEV-violence-ScenarioNesting-02,violence,ScenarioNesting,ArticleClipping,AC,6,listed,4c6de6e326e6858742e967e58844029f907d1aa25f708a0b581fc40c902d3db2
DEV-violence-ScenarioNesting-02,violence,ScenarioNesting,AntiquatedEnglish,AR,2,E1|E2,64859438dd28fe76a4a3819fcf5824d1cbddd775c6e8136a1cc92b0a89d9fef3
DEV-violence-ScenarioNesting-02,violence,ScenarioNesting,MarkedSyntax,SY,2,listed,166984274ba3501f36e7a51fbea30aee8cfb59d1635f3bb461322c59626c2206
DEV-violence-ScenarioNesting-02,violence,ScenarioNesting,FormalRareRegister,FR,3,A|listed,46e00476d0647ff1434dfb2a5d8f18000b19b2caf6492601b0610ebf2a7687df
DEV-violence-ScenarioNesting-02,violence,ScenarioNesting,CombinedMarkedRegister,HY,5,A|listed,04c685eae6e97c37cfa7fa3b6908f6938ad2c7e6fd1496f99a92c0a8825a8cef
DEV-violence-RolePrompting-01,violence,RolePrompting,ArticleClipping,AC,5,listed,17e658f008a2eed7417d31c150a57c4dea6241e483454aedabd2f4fd536d6b9c
DEV-violence-RolePrompting-01,violence,RolePrompting,AntiquatedEnglish,AR,2,E1|E2,530083f551245b193447b8b52b63feaf4c822c2b4bd86a090a2502e46e1844f8
DEV-violence-RolePrompting-01,violence,RolePrompting,MarkedSyntax,SY,2,listed,bb2e5b936555954676e85d33f4e783f5bdb7ea53669cace46cbe32d46af4fc1a
DEV-violence-RolePrompting-01,violence,RolePrompting,FormalRareRegister,FR,1,A,f034e4171d633eb42576c29958a0e6ccadb1ae1bd28d8c85ec2625f12281bb5a
DEV-violence-RolePrompting-01,violence,RolePrompting,CombinedMarkedRegister,HY,3,A|listed,c86357e26a6bd8fa32340d419edd8b5a3cbc55ce510cf47c5cca0b3b74a245b6
DEV-violence-RolePrompting-02,violence,RolePrompting,ArticleClipping,AC,3,listed,2014769299c78f5aa409820e11a8e23c0812b3793b00c9f26fcac61c5f5cea21
DEV-violence-RolePrompting-02,violence,RolePrompting,AntiquatedEnglish,AR,1,E2,e99f81ee5ff25c15883dd7927e2005fc74d71eeb931b5ee68bbc556fafe78ebd
DEV-violence-RolePrompting-02,violence,RolePrompting,MarkedSyntax,SY,1,listed,1c3e46f0119cdf83cf0b76e23fd59c28db2c1123f74c827e6f23eb0e1dd97d5e
DEV-violence-RolePrompting-02,violence,RolePrompting,FormalRareRegister,FR,1,A,6183b7cf3351858cbe9da02d1300edd7a64e33f6f7273dd7122a82aba45c005f
DEV-violence-RolePrompting-02,violence,RolePrompting,CombinedMarkedRegister,HY,2,A|listed,095ca32e93fa29e9af43b2878f96a835d5907c98427a0d32347771684c50a7cf
DEV-intoxication-SymbolicMasking-01,intoxication,SymbolicMasking,ArticleClipping,AC,2,listed,ec2f37bee169c3a3d396d7a2b9cc681483c795085e00f56519c9c9eee1e2c1b8
DEV-intoxication-SymbolicMasking-01,intoxication,SymbolicMasking,AntiquatedEnglish,AR,1,E2,802ac68575d23cb5f237fff492336a36520e6d3ccf8c9f9f47ddb175a0746b76
DEV-intoxication-SymbolicMasking-01,intoxication,SymbolicMasking,MarkedSyntax,SY,2,listed,7ecf9f53469c2a8fc12688aeb21568f29b6c9e465e63e628640d473d92def50b
DEV-intoxication-SymbolicMasking-01,intoxication,SymbolicMasking,FormalRareRegister,FR,3,A,c20b0146724daba9f80075efc7d8bf874c12a458cdf57319ce1b3611bb5eded6
DEV-intoxication-SymbolicMasking-01,intoxication,SymbolicMasking,CombinedMarkedRegister,HY,5,A|listed,71c37c9638aa7655228dc36421cc7648f438e5e7003447ec35710efe46749dc2
DEV-intoxication-SymbolicMasking-02,intoxication,SymbolicMasking,ArticleClipping,AC,4,listed,5b344325451ca79fd80aa19aa2b1a720aaa628f9af8657220c362d9580645cd7
DEV-intoxication-SymbolicMasking-02,intoxication,SymbolicMasking,AntiquatedEnglish,AR,1,E2,3d3acaa76d7efda3bc503a6bcbe1c466de6a43559aa911f3e3843b5edef7331f
DEV-intoxication-SymbolicMasking-02,intoxication,SymbolicMasking,MarkedSyntax,SY,1,listed,43302c550d56a2eeba3e294f0f46e93fe1162bce9df00eeb1c34edc0ecfcd8f8
DEV-intoxication-SymbolicMasking-02,intoxication,SymbolicMasking,FormalRareRegister,FR,2,A,377bf0c58807fd2bc551b747184549141ea469c0635bdceac6203c28d67c901a
DEV-intoxication-SymbolicMasking-02,intoxication,SymbolicMasking,CombinedMarkedRegister,HY,3,A|listed,f7fdfb850f3e12f28ca2f84eb6873d3641c29193739560e1f899bcb5d8718892
DEV-intoxication-ScenarioNesting-01,intoxication,ScenarioNesting,ArticleClipping,AC,8,listed,19be821d3b04e9be226050679f50354e3977f9f3ac16b4197d6df20413fabd5b
DEV-intoxication-ScenarioNesting-01,intoxication,ScenarioNesting,AntiquatedEnglish,AR,2,E1|listed,38c67c5a563ff5249a87370ca86327177ad58998683a2f2f684c14f34cbe3bfe
DEV-intoxication-ScenarioNesting-01,intoxication,ScenarioNesting,MarkedSyntax,SY,2,listed,db75f0638fb15075be27a0a0d626ad73927058310ad388da5531b7522a669e9d
DEV-intoxication-ScenarioNesting-01,intoxication,ScenarioNesting,FormalRareRegister,FR,1,A,c6098f04faef400e04e22a7f851a2eec48df48d593fcf3cddb02c561ccfb60db
DEV-intoxication-ScenarioNesting-01,intoxication,ScenarioNesting,CombinedMarkedRegister,HY,3,A|listed,8a7735ba6a77602cc528970a3e3f80766dbadaf065299684d9cf0544d53d2692
DEV-intoxication-ScenarioNesting-02,intoxication,ScenarioNesting,ArticleClipping,AC,5,listed,82d80522cebca9dc32e55a4469829649a8255933f4a192c1ed7b7dcb1cef2093
DEV-intoxication-ScenarioNesting-02,intoxication,ScenarioNesting,AntiquatedEnglish,AR,3,E1|E2,395b493494f1e243cbe13c9a6b66818057bd8dc0c074a68f26994e0c4acfecf8
DEV-intoxication-ScenarioNesting-02,intoxication,ScenarioNesting,MarkedSyntax,SY,2,listed,3fc3c9e7534401a61ba812ef17d40ff4f8346ca2cd3373966f18151c25333a82
DEV-intoxication-ScenarioNesting-02,intoxication,ScenarioNesting,FormalRareRegister,FR,3,A|listed,cca9ba80e83e10608740505cbc4d5bf6d10935598e9bf9efb51fe741507337c7
DEV-intoxication-ScenarioNesting-02,intoxication,ScenarioNesting,CombinedMarkedRegister,HY,5,A|listed,b064326d22e142cfb0dc06845c41c65516b5dfc170b257a2f72b56aa552da630
DEV-intoxication-RolePrompting-01,intoxication,RolePrompting,ArticleClipping,AC,3,listed,6b6e76a0cd7ed3b038ef91010dfd9297b22c85d9b70a3e959a6b94d7f983ddc5
DEV-intoxication-RolePrompting-01,intoxication,RolePrompting,AntiquatedEnglish,AR,2,E2|listed,a965612c8db5ee19fc114064b527762bb5b0b40991a87523e8eecc3df96cb9b7
DEV-intoxication-RolePrompting-01,intoxication,RolePrompting,MarkedSyntax,SY,2,listed,f02a924e092198f1668e01065c33380515c3972f8e65f5336af67a72c9ce269c
DEV-intoxication-RolePrompting-01,intoxication,RolePrompting,FormalRareRegister,FR,1,listed,6ac51267e0b8e9b94685ec7bdc8bef541fdb68ff0a1393a614c13a7ffab96bb7
DEV-intoxication-RolePrompting-01,intoxication,RolePrompting,CombinedMarkedRegister,HY,3,listed,1667492684f2e93c1b5b56e657ec6fd1156a4f17aa6691e9d6f79b526bc4e596
DEV-intoxication-RolePrompting-02,intoxication,RolePrompting,ArticleClipping,AC,5,listed,9b3b4ff52f063b12a6a71de54fb9e466dd4ac0bde708574c26297f8b7f11c244
DEV-intoxication-RolePrompting-02,intoxication,RolePrompting,AntiquatedEnglish,AR,2,E2,9696df9133fffb521aa4b21d0403603b4a5d7efa970c9524679291ffa327d3c1
DEV-intoxication-RolePrompting-02,intoxication,RolePrompting,MarkedSyntax,SY,2,listed,07745d6f247eaac3ca07c0eceacb6e5f6081a5fa8e12d7bf9d2e6a1f68bbeebd
DEV-intoxication-RolePrompting-02,intoxication,RolePrompting,FormalRareRegister,FR,1,A,6e1b05b9f014bca55ed3e596ca84d3699c3b9b97780e99f32e686fada6d6ee88
DEV-intoxication-RolePrompting-02,intoxication,RolePrompting,CombinedMarkedRegister,HY,3,A|listed,66d1303133dec9f3d6df45298d558e0cfe3c43de4b480039ef0c917faa215850
DEV-gambling-SymbolicMasking-01,gambling,SymbolicMasking,ArticleClipping,AC,6,listed,994d2d6a7a10d19da0ed0418e629fc683dd9aa028184b456e32b4f5921343fef
DEV-gambling-SymbolicMasking-01,gambling,SymbolicMasking,AntiquatedEnglish,AR,1,E2,de98cdbeb90058a2cdcb3e7b759cbd9f5a7655cc885b3d1ced6192c1fbbbe20e
DEV-gambling-SymbolicMasking-01,gambling,SymbolicMasking,MarkedSyntax,SY,1,listed,cc22ac3f6ca4c8d3d9bd8dc321761bd7a033a125d81f5b49b7f848bd94a63602
DEV-gambling-SymbolicMasking-01,gambling,SymbolicMasking,FormalRareRegister,FR,2,A,64e8f9291a9223dfa55a0b02acbe61f1b730ed39b7bf8ae71e17551ed2b27efc
DEV-gambling-SymbolicMasking-01,gambling,SymbolicMasking,CombinedMarkedRegister,HY,3,A|listed,b8dd83d25d7e7505378c67c23c8020603a5fd3e6f1d63ab2596468ad14bd52ea
DEV-gambling-SymbolicMasking-02,gambling,SymbolicMasking,ArticleClipping,AC,3,listed,89337a4168603bed16a8f1b3ac12d893728d3c220f960b58d89ad488caed8eb6
DEV-gambling-SymbolicMasking-02,gambling,SymbolicMasking,AntiquatedEnglish,AR,1,E1,3f5aa344c2f5a7923ebd0ebd9268cdeed38599dae326018258a01fd844fe742b
DEV-gambling-SymbolicMasking-02,gambling,SymbolicMasking,MarkedSyntax,SY,2,listed,059200f990ff64f56c40c79d4b53a626ddf25ee13f30e5b452adc398e58b28cf
DEV-gambling-SymbolicMasking-02,gambling,SymbolicMasking,FormalRareRegister,FR,2,A,3f4a7b06459e3e74faec8b079e4d5a47bb2373b7e5f5b9ccbabb9779239d5797
DEV-gambling-SymbolicMasking-02,gambling,SymbolicMasking,CombinedMarkedRegister,HY,4,A|listed,57be03fc99edbb469d94cc8a6035c181258f226eb9d9be66fd9d3eaa742390d0
DEV-gambling-ScenarioNesting-01,gambling,ScenarioNesting,ArticleClipping,AC,5,listed,b29a96a3d0ca43c2cb1dfa620305f5ac17c73c07e9c348236c3c1656e2f4b99e
DEV-gambling-ScenarioNesting-01,gambling,ScenarioNesting,AntiquatedEnglish,AR,3,E1|E2,984fac95d2c673fc8c249cbd59bf978d93b42b8ce182a447417816ad136b2997
DEV-gambling-ScenarioNesting-01,gambling,ScenarioNesting,MarkedSyntax,SY,2,listed,d0497d3ea86810bd7aea76382878cc461fbe75c4a7e3178977c54e38165c1846
DEV-gambling-ScenarioNesting-01,gambling,ScenarioNesting,FormalRareRegister,FR,3,A|listed,eb9dcdf5defda0f271969ff564de42d6df3d9fa426151cb8a233e2a2825c6731
DEV-gambling-ScenarioNesting-01,gambling,ScenarioNesting,CombinedMarkedRegister,HY,5,A|listed,ef255220ef4f197e52d7869e56f92ffbdd8ac1a070779e42310700d66dadabf8
DEV-gambling-ScenarioNesting-02,gambling,ScenarioNesting,ArticleClipping,AC,8,listed,92908818532754d1a42fc7cd0b7d262e026ba55ed033e3baf76c89b8d2d84515
DEV-gambling-ScenarioNesting-02,gambling,ScenarioNesting,AntiquatedEnglish,AR,1,E2,1a742984a29ea0efcb4492409b423e02ef6c75d076bf6262a4eecc7fefe13d5a
DEV-gambling-ScenarioNesting-02,gambling,ScenarioNesting,MarkedSyntax,SY,2,listed,41911a252ec2a2dd5cf51685e6e96ad330e948c08037eb9dfbddf73806608bfe
DEV-gambling-ScenarioNesting-02,gambling,ScenarioNesting,FormalRareRegister,FR,4,A|listed,5f1a022e210e36c30c5a2e25e216785933b5f985047ab4bf147d56885bd6de8d
DEV-gambling-ScenarioNesting-02,gambling,ScenarioNesting,CombinedMarkedRegister,HY,6,A|listed,91a23d2cc47a29c4fa185ac38ced1fb6192e682f8836ba68d6eff837dabdf709
DEV-gambling-RolePrompting-01,gambling,RolePrompting,ArticleClipping,AC,3,listed,950f162d6a7f57c9825f95b6140103b2e610d76cac9cd8dd15d7639c06f14dec
DEV-gambling-RolePrompting-01,gambling,RolePrompting,AntiquatedEnglish,AR,2,E2,b239003ca3088cc275282baad5e90a6f5794af1b8b882ab3be83c2d797ac5b08
DEV-gambling-RolePrompting-01,gambling,RolePrompting,MarkedSyntax,SY,1,listed,5dbdf48d54e49f7d449dbac672a8a2d9912882382a92daac8584595e7d5bf621
DEV-gambling-RolePrompting-01,gambling,RolePrompting,FormalRareRegister,FR,1,listed,302286361be513895bc281d5dee1711b2f91da919b3634ef1cf9f9707c56e8eb
DEV-gambling-RolePrompting-01,gambling,RolePrompting,CombinedMarkedRegister,HY,2,listed,5002c6f34cc33d7969288c298db5a2e5e162291f20f962e32dc5756b504edfe1
DEV-gambling-RolePrompting-02,gambling,RolePrompting,ArticleClipping,AC,3,listed,5c1ddcc6b3619b11c91e83542149c96d9b5b78ec06c2ca60fec25e076890ffdc
DEV-gambling-RolePrompting-02,gambling,RolePrompting,AntiquatedEnglish,AR,1,E2,136354663dc3c2a98e035e9e20f6d24b33f9ca41045a8f6fda6d26b842a68989
DEV-gambling-RolePrompting-02,gambling,RolePrompting,MarkedSyntax,SY,1,listed,4621044744dc2f39e0bc297eb5c16d9042a4fbc90bc5570d748a499aded1cb40
DEV-gambling-RolePrompting-02,gambling,RolePrompting,FormalRareRegister,FR,1,listed,f38602d8c4a9388071ad4a4f3c014cd12ac091312d7834bcdd1a327fe2b338da
DEV-gambling-RolePrompting-02,gambling,RolePrompting,CombinedMarkedRegister,HY,2,listed,4c92fb1862dfcfafeecf0df11c96df557586327d80e6a2c7a40a380b20e17232
DEV-sexual_violence-SymbolicMasking-01,sexual_violence,SymbolicMasking,ArticleClipping,AC,3,listed,f295dca3ba5105e2bbe706c8ae35875f0f8af1ca2d2f9ad91ac2ec785438edc5
DEV-sexual_violence-SymbolicMasking-01,sexual_violence,SymbolicMasking,AntiquatedEnglish,AR,2,E2|listed,22489a5424aaf6172bcadaa8056b619f6c90628848b168432160e9990a53a910
DEV-sexual_violence-SymbolicMasking-01,sexual_violence,SymbolicMasking,MarkedSyntax,SY,2,listed,f8fe9d38b71a8b77129cf88714e529246d1b3c8f1508f8fc62da3e79f75fa99e
DEV-sexual_violence-SymbolicMasking-01,sexual_violence,SymbolicMasking,FormalRareRegister,FR,2,A|listed,e54464381dec1d84a6b6f9c5e84559dfe26ddf6ca333a8f1aec62d8cea6ef9e2
DEV-sexual_violence-SymbolicMasking-01,sexual_violence,SymbolicMasking,CombinedMarkedRegister,HY,4,A|listed,cdfce5f41ac907e0a9f751744391f72347fbf695d6c97c093b7dd2eaf3350295
DEV-sexual_violence-SymbolicMasking-02,sexual_violence,SymbolicMasking,ArticleClipping,AC,3,listed,453dec60456b0f77377fce1b0ba3ad0d471a6540ef0ff92918fd968d9ce10fef
DEV-sexual_violence-SymbolicMasking-02,sexual_violence,SymbolicMasking,AntiquatedEnglish,AR,1,E2,cb2faeb4bfa540e490fb6b9c60c1f0ed48fb3747242fe96ef7ae0894e657fbf7
DEV-sexual_violence-SymbolicMasking-02,sexual_violence,SymbolicMasking,MarkedSyntax,SY,2,listed,5936f93013e68373a2bd813263f74fe84e4d87b72c75f87a09933eaf2b437986
DEV-sexual_violence-SymbolicMasking-02,sexual_violence,SymbolicMasking,FormalRareRegister,FR,2,A|listed,ad8ddbcfcf5bc60a3d8f9ac6ba9720c1f3527ddfc1b66fcd9989eff9422ba2de
DEV-sexual_violence-SymbolicMasking-02,sexual_violence,SymbolicMasking,CombinedMarkedRegister,HY,4,A|listed,9877ec271d4688a3303b89d236295aee206e92d76a47b2be8dd523fe6f0ea462
DEV-sexual_violence-ScenarioNesting-01,sexual_violence,ScenarioNesting,ArticleClipping,AC,6,listed,e5ccedcaa7437fd2cbad5d964da05c78855ba3fb3218b2e81e9c05b22ffeef50
DEV-sexual_violence-ScenarioNesting-01,sexual_violence,ScenarioNesting,AntiquatedEnglish,AR,5,E1|E2,c41f356a9b7fa4607eea6f572ad7a09457cdff85421f37ee79b9bb78833f6cd6
DEV-sexual_violence-ScenarioNesting-01,sexual_violence,ScenarioNesting,MarkedSyntax,SY,1,listed,2bf8db37b3d6003cf218647d8cbb5700a4a1a2e4efdd374e2c60b85aa7e7dcc0
DEV-sexual_violence-ScenarioNesting-01,sexual_violence,ScenarioNesting,FormalRareRegister,FR,2,listed,559b646d11575845f07d170f7833dc87d437f2cfcd38eafb01a697cb0e8b6101
DEV-sexual_violence-ScenarioNesting-01,sexual_violence,ScenarioNesting,CombinedMarkedRegister,HY,3,listed,939a18b966e3e0e78c0897bfc6f7315cc61782000d48c21675bbb30f932f8eee
DEV-sexual_violence-ScenarioNesting-02,sexual_violence,ScenarioNesting,ArticleClipping,AC,6,listed,16772a96f161e8af63df233a0610cb85db80e481b0ce3cf401009d1b4fd78c66
DEV-sexual_violence-ScenarioNesting-02,sexual_violence,ScenarioNesting,AntiquatedEnglish,AR,3,E1|E2,ff84796b8c78fe06048a9e2d9fa5666b25203aeba25440e8b4c9a8855f6bf1ed
DEV-sexual_violence-ScenarioNesting-02,sexual_violence,ScenarioNesting,MarkedSyntax,SY,2,listed,6d7bd7e7d18ac17587ba909ceb9582e030ec5fbc5e19ab74540066dae62a9a19
DEV-sexual_violence-ScenarioNesting-02,sexual_violence,ScenarioNesting,FormalRareRegister,FR,2,A|listed,e0af148bbc2eb725a853750eace65686863c1e9585c73f81a0dd57c94bdb151a
DEV-sexual_violence-ScenarioNesting-02,sexual_violence,ScenarioNesting,CombinedMarkedRegister,HY,4,A|listed,b885d350d4d881ea854af14b0baf915d74d28d94cb5dc7dc1b176ffdb507e2bb
DEV-sexual_violence-RolePrompting-01,sexual_violence,RolePrompting,ArticleClipping,AC,6,listed,bd61f424a7ab859d9d8932c156865b92b092f292f9f2a012bf9e60a4acb2822e
DEV-sexual_violence-RolePrompting-01,sexual_violence,RolePrompting,AntiquatedEnglish,AR,2,E1|E2,3c6744fd50c63d2f7ea6ff85f3ba358a09d7d643e8433cdf27fbacd9288311be
DEV-sexual_violence-RolePrompting-01,sexual_violence,RolePrompting,MarkedSyntax,SY,2,listed,9bfe5897b0271e9c9dcffc43a221a8699ff2be3d5fd18a242d2ff3bfbc2413a8
DEV-sexual_violence-RolePrompting-01,sexual_violence,RolePrompting,FormalRareRegister,FR,3,A|listed,32a89a0d74c92e17a1793b1fb99b4491d01e5e50f43c5efa932ba0a894c9f857
DEV-sexual_violence-RolePrompting-01,sexual_violence,RolePrompting,CombinedMarkedRegister,HY,5,A|listed,921fb39d588d189714b8371ffa060eb7b03644ae56cde0a7287cbb2e71729f8f
DEV-sexual_violence-RolePrompting-02,sexual_violence,RolePrompting,ArticleClipping,AC,5,listed,69f0167a3924cc49c44e12532b2537a8b21ee4b6686a17afb4d1a03c28ce2c15
DEV-sexual_violence-RolePrompting-02,sexual_violence,RolePrompting,AntiquatedEnglish,AR,2,E2,dc752ebd4bde39ff917c43a3e67384eb06e45217fdf30405e9935ec0efade466
DEV-sexual_violence-RolePrompting-02,sexual_violence,RolePrompting,MarkedSyntax,SY,2,listed,de848468169db50878c3d1c846047cbcf251c40d4b1d1905a17fe5bf155de453
DEV-sexual_violence-RolePrompting-02,sexual_violence,RolePrompting,FormalRareRegister,FR,6,A|listed,53c13d1cd45d01df55bd70cf8deed0057be82c7da6cd0bea24ed47bde0e41630
DEV-sexual_violence-RolePrompting-02,sexual_violence,RolePrompting,CombinedMarkedRegister,HY,8,A|listed,0d90d0006c7732ec8a63e847a009c29f255f2576fd12bbaa412edf4df487f765
